{
  "title": "The Cabin in the Woods",
  "vote_average": 7,
  "vote_count": 7814,
  "status": "Released",
  "release_date": "2012-04-12",
  "revenue": 71038838,
  "runtime": 95,
  "budget": 30000000,
  "imdb_id": "tt1259521",
  "original_language": "en",
  "overview": "A group of teens journey to a remote cabin in the woods where their fate is unknowingly controlled by technicians as part of a worldwide conspiracy where all horror movie clichés are revealed to be part of an elaborate sacrifice ritual.",
  "popularity": 48,
  "tagline": "You think you know the story.",
  "genres": "Horror, Mystery",
  "spoken_languages": "English, 日本語",
  "casts": "Brad Dryborough, Heather Doerksen, Alicia Takase Lui, Patrick Sabongui, Alyssandra Yamamoto, Richard Jenkins, Tom Lenk, Jodi Tabuchi, Naomi Dane, Sara Taira, Matt Phillips, Serena Akane Chi, Dan Payne, Nels Lennarson, Jesse Williams, Rukiya Bernard, Sigourney Weaver, Bradley Whitford, Maya Massar, Marina Ishibashi, Lori Stewart, Chelah Horsdal, Matt Drake, Kristen Connolly, Aya Furukawa, Maria Go, Phoebe Galvan, Dan Shea, Tim DeZarn, Adrian Holmes, Simon Pidgeon, Brian J. White, Richard Cetrone, Abbey Imai, Greg Zach, Ellie Harvie, Chris Hemsworth, Patrick Gilmore, Jodelle Ferland, Miku Katsuura, Fran Kranz, Amy Acker, Terry Notary, Terry Chen, Emili Kawashima, Phillip Mitchell, Anna Hutchison, Peter Kelamis",
  "director": "Drew Goddard",
  "imdb_rating": 7,
  "imdb_votes": 465176,
  "poster_path": "/kjDXrK3ReIwuDrpWElI5OQkKYTA.jpg"
}
